Filename,time
2048 , 0.020532846450805664
8192 , 0.09224271774291992
32786 , 0.3954434394836426
131072 , 1.7915494441986084
